<lxs>
    <scene root="Root" axis_length="5"/>

    <views default="defaultCamera">
        <perspective id="defaultCamera" near="0.1" far="500" angle="45">
            <from x="30" y="15" z="30" />
            <to x="0" y="-2" z="0" />
        </perspective>
        <ortho id="orthoCamera" near="0.1" far="400" left="-10" right="10" top="10" bottom="-10" >
            <from x="40" y="40" z="40" />
            <to x="0" y="0" z="0" />
            <up x="0" y="2" z="0"/>
        </ortho>
        <perspective id="weirdCamera" near="0.1" far="500" angle="90">
            <from x="3" y="3" z="20" />
            <to x="6" y="6" z="0" />            
        </perspective>
    </views>

    <globals>
        <ambient r="0.2" g="0.2" b="0.2" a="1.0" />
        <background r="0.0" g="0.0" b="0.0" a="1.0" />
    </globals>

    <lights>
        <omni id="omniLight" enabled="1">
            <location x="9.8" y="11.9" z="10" w="1.0" />
            <ambient r="0" g="0" b="0" a="1.0" />
            <diffuse r="1.0" g="1.0" b="1.0" a="1.0" />
            <specular r="1.0" g="1.0" b="1.0" a="1.0" />
        </omni>
        <spot id="spotLight_1" enabled="1" angle="60" exponent="6">
            <location x="0" y="10" z="0" w="1.0" />
            <target x="0" y="0" z="3"/>
            <ambient r="0" g="0" b="0" a="1.0" />
            <diffuse r="0.0" g="0.0" b="0.0" a="1.0" />
            <specular r="1.0" g="1.0" b="1.0" a="1.0" />
            <attenuation constant="1" linear="0" quadratic="0"/>
        </spot>
        <spot id="spotLight_2" enabled="1" angle="60" exponent="6">
            <location x="0" y="10" z="0" w="1.0" />
            <target x="0" y="0" z="-3"/>
            <ambient r="0" g="0" b="0" a="1.0" />
            <diffuse r="0.0" g="0.0" b="0.0" a="1.0" />
            <specular r="1.0" g="1.0" b="1.0" a="1.0" />
            <attenuation constant="1" linear="0" quadratic="0"/>
        </spot>
    </lights>

    <textures>
        <texture id="vidral" file="scenes/images/vidral.jpg" />
        <texture id="trunk" file="scenes/images/trunk-image.jpg" />
        <texture id="chess" file="scenes/images/chess.jpg"/>
        <texture id="space" file="scenes/images/space.jpg"/>
    </textures>

    <materials>
        <material id="green" shininess="1">
            <emission r="0.0" g="0.0" b="0.0" a="1.0" />
            <ambient r="0.2" g="1.0" b="0.0" a="1.0" />
            <diffuse r="0.2" g="1.0" b="0.0" a="1.0" />
            <specular r="0.5" g="0.5" b="0.5" a="1.0" />
        </material>
        <material id="orange" shininess="1">
            <emission r="0.0" g="0.0" b="0.0" a="1.0" />
            <ambient r="1.0" g="0.5" b="0.0" a="1.0" />
            <diffuse r="1.0" g="0.5" b="0.0" a="1.0" />
            <specular r="0.5" g="0.5" b="0.5" a="1.0" />
        </material>
        <material id="blue" shininess="1">
            <emission r="0.0" g="0.0" b="0.0" a="1.0" />
            <ambient r="0.0" g="0.5" b="1.0" a="1.0" />
            <diffuse r="0.0" g="0.5" b="1.0" a="1.0" />
            <specular r="0" g="0" b="1.0" a="1.0" />
        </material>
        <material id="yellow" shininess="1">
            <emission r="0.0" g="0.0" b="0.0" a="1.0" />
            <ambient r="0.5" g="0.5" b="0.5" a="1.0" />
            <diffuse r="1.0" g="1.0" b="0.0" a="1.0" />
            <specular r="1.0" g="1.0" b="0.0" a="1.0" />
        </material>
        <material id="red" shininess="1">
            <emission r="0.0" g="0.0" b="0.0" a="1.0" />
            <ambient r="0.5" g="0.5" b="0.5" a="1.0" />
            <diffuse r="1.0" g="0.0" b="0.0" a="1.0" />
            <specular r="1.0" g="0.0" b="0.0" a="1.0" />
        </material>
        <material id="pink" shininess="1">
            <emission r="0.0" g="0.0" b="0.0" a="1.0" />
            <ambient r="0.5" g="0.5" b="0.5" a="1.0" />
            <diffuse r="1.0" g="0.0" b="0.5" a="1.0" />
            <specular r="1.0" g="0.0" b="0.5" a="1.0" />
        </material>
        <material id="white" shininess="1">
            <emission r="0.0" g="0.0" b="0.0" a="1.0" />
            <ambient r="0.5" g="0.5" b="0.5" a="1.0" />
            <diffuse r="1.0" g="1.0" b="1.0" a="1.0" />
            <specular r="1.0" g="1.0" b="1.0" a="1.0" />
        </material>
        <material id="white2" shininess="1">
            <emission r="0.0" g="0.0" b="0.0" a="1.0" />
            <ambient r="0.5" g="0.5" b="0.5" a="1.0" />
            <diffuse r="1.0" g="1.0" b="1.0" a="1.0" />
            <specular r="1.0" g="1.0" b="1.0" a="1.0" />
        </material>
        <material id="black" shininess="1">
            <emission r="0.0" g="0.0" b="0.0" a="1.0" />
            <ambient r="0.5" g="0.5" b="0.5" a="1.0" />
            <diffuse r="0.0" g="0.0" b="0.0" a="1.0" />
            <specular r="0.1" g="0.1" b="0.1" a="1.0" />
        </material>   
    </materials>

    <transformations>
        <transformation id="t_Torus_Transform">
            <rotate axis="x" angle="90"/>
            <scale x="0.25" y="0.25" z="0.25" />
            <translate x="0" y="0" z="-7" />
        </transformation>
        <transformation id="t_Sphere_Transform">
            <scale x="1" y="2.5" z="1"/>
            <scale x="0.3" y="0.3" z="0.3"/>
            <translate x="0" y="1.7" z="0" />
        </transformation>
        <transformation id="t_Cone_Up_Transform">
            <rotate axis="x" angle="90"/>
            <translate x="0" y="0" z="3" />
        </transformation>
        <transformation id="t_Cone_Down_Transform">
            <rotate axis="x" angle="-90"/>
            <translate x="0" y="0" z="-3" />
        </transformation>
    </transformations>

    <primitives>
        <primitive id="Rectangle">
            <rectangle x1="-0.5" y1="-1" x2="0.5" y2="1" />
        </primitive>
        <primitive id="Triangle">
            <triangle x1="0" x2="0" x3="0" y1="5" y2="8" y3="5" z1="-2" z2="0" z3="2"/>
        </primitive>
        <primitive id="Cylinder">
            <cylinder baseRadius="2" topRadius="1" height="5" slices="10" stacks="10" />
        </primitive>
        <primitive id="EvenCylinder">
            <cylinder baseRadius="1" topRadius="1" height="5" slices="10" stacks="10" />
        </primitive>
        <primitive id="Cone">
            <cylinder baseRadius="2" topRadius="0" height="5" slices="10" stacks="10" />
        </primitive>
        <primitive id="Sphere">
            <sphere radius="2" slices = "10" stacks ="10" />
        </primitive>
        <primitive id="Torus">
            <torus inner="0.5" outer="3" slices = "30" loops ="20" />
        </primitive>
        <primitive id="Square">
            <rectangle x1="-1" y1="-1" x2="1" y2="1" />
        </primitive>
    </primitives>

    <components>
        <component id="Root">
            <transformation>
            </transformation>
            <materials>
                <material id="white" />
            </materials>
            <texture id="chess" />
            <children>
                <componentref id = "Floor"/>

                <componentref id = "Team1_Piece1"/>
                <componentref id = "Team1_Piece2"/>
                <componentref id = "Team1_Piece3"/>
                <componentref id = "Team1_Piece4"/>
                <componentref id = "Team1_Piece5"/>
                <componentref id = "Team1_Piece6"/>
                <componentref id = "Team1_Piece7"/>
                <componentref id = "Team1_Piece8"/>

                <componentref id = "Team2_Piece1"/>
                <componentref id = "Team2_Piece2"/>
                <componentref id = "Team2_Piece3"/>
                <componentref id = "Team2_Piece4"/>
                <componentref id = "Team2_Piece5"/> 
                <componentref id = "Team2_Piece6"/> 
                <componentref id = "Team2_Piece7"/> 
                <componentref id = "Team2_Piece8"/>

                <componentref id = "Sign"/>
                <componentref id = "Box" />
            </children>
        </component>

        <component id="t_torus" >
            <transformation>
                <transformationref id="t_Torus_Transform" />
            </transformation>
            <materials>
                <material id = "inherit"/>
            </materials>
            <texture id = "none"/>
            <children>
                <primitiveref id="Torus"/>
            </children>
        </component>

        <component id="t_sphere" >
            <transformation>
                <transformationref id="t_Sphere_Transform" />
            </transformation>
            <materials>
                <material id = "inherit"/>
            </materials>
            <texture id = "none"/>
            <children>
                <primitiveref id="Sphere"/>
            </children>
        </component>

        <component id="t_cone_up" >
            <transformation>
                <transformationref id="t_Cone_Up_Transform" />
            </transformation>
            <materials>
                <material id = "inherit"/>
            </materials>
            <texture id = "none"/>
            <children>
                <primitiveref id="Cone"/>
            </children>
        </component>
        <component id="t_cone_down" >
            <transformation>
                <transformationref id="t_Cone_Down_Transform" />
            </transformation>
            <materials>
                <material id = "inherit"/>
            </materials>
            <texture id = "none"/>
            <children>
                <primitiveref id="Cone"/>
            </children>
        </component>

        <component id="Floor" >
            <transformation>
                <rotate axis="x" angle = "-90"/>
                <scale x="13" y="7" z = "1"/>
            </transformation>
            <materials>
                <material id = "white"/>
            </materials>
            <texture id="inherit"/>
            <children>
                <primitiveref id="Rectangle"/>
            </children>
        </component>

        <component id="Team1_Piece1" >
            <transformation>
                <rotate axis="x" angle="90"/>
                <scale x="0.3" y="0.3" z="0.3"/>
                <translate x="-3" y="20.5" z="-5"/>       
            </transformation>
            <materials>
                <material id="green"/>
            </materials>
            <texture id="none"/>
            <children>
                <primitiveref id="Cylinder"/>
                <primitiveref id="Sphere"/>
            </children>
        </component>

        <component id="Team1_Piece2" >
            <transformation>
                <rotate axis="x" angle="90"/>
                <scale x="0.3" y="0.3" z="0.3"/>
                <translate x="8" y="20.5" z="-5"/>       
            </transformation>
            <materials>
                <material id="green"/>
            </materials>
            <texture id="none"/>
            <children>
                <primitiveref id="Cylinder"/>
                <primitiveref id="Sphere"/>
            </children>
        </component>

        <component id="Team1_Piece3" >
            <transformation>
                <rotate axis="x" angle="90"/>
                <scale x="0.3" y="0.3" z="0.3"/>
                <translate x="19" y="20.5" z="-5"/>       
            </transformation>
            <materials>
                <material id="green"/>
            </materials>
            <texture id="none" />
            <children>
                <primitiveref id="Cylinder"/>
                <primitiveref id="Sphere"/>
            </children>
        </component>

        <component id="Team1_Piece4" >
            <transformation>
                <rotate axis="x" angle="90"/>
                <scale x="0.3" y="0.3" z="0.3"/>
                <translate x="-13" y="20.5" z="-5"/>       
            </transformation>
            <materials>
                <material id="green"/>
            </materials>
            <texture id="none" />
            <children>
                <primitiveref id="Cylinder"/>
                <primitiveref id="Sphere"/>
            </children>
        </component>

        <component id="Team1_Piece5" >
            <transformation>
                <translate x="1" y="0" z="4.5" />
            </transformation>
            <materials>
                <material id="yellow"/>
            </materials>
            <texture id="none" />
            <children>
                <componentref id="t_torus"/>
                <componentref id="t_sphere"/>
            </children>
        </component>

        <component id="Team1_Piece6" >
            <transformation>
                <translate x="4.2" y="0" z="4.5" />
            </transformation>
            <materials>
                <material id="yellow"/>
            </materials>
            <texture id="none" />
            <children>
                <componentref id="t_torus"/>
                <componentref id="t_sphere"/>
            </children>
        </component>

        <component id="Team1_Piece7" >
            <transformation>
                <translate x="-2.4" y="0" z="4.5" />
            </transformation>
            <materials>
                <material id="yellow"/>
            </materials>
            <texture id="none" />
            <children>
                <componentref id="t_torus"/>
                <componentref id="t_sphere"/>
            </children>
        </component>

        <component id="Team1_Piece8" >
            <transformation>
                <translate x="-5.5" y="0" z="4.5" />
            </transformation>
            <materials>
                <material id="yellow"/>
            </materials>
            <texture id="none" />
            <children>
                <componentref id="t_torus"/>
                <componentref id="t_sphere"/>
            </children>
        </component>

        <component id="Team2_Piece1" >
            <transformation>
                <rotate axis="x" angle="-90" />
                <scale x="0.3" y="0.3" z="0.5"/>
                <translate x="3" y="20.5" z="0.5"/>   
            </transformation>
            <materials>
                <material id="pink"/>
            </materials>
            <texture id="none"/>
            <children>
                <primitiveref id="Cone"/>
                <primitiveref id="Torus"/>
            </children>
        </component>

        <component id="Team2_Piece2" >
            <transformation>
                <rotate axis="x" angle="-90" />
                <scale x="0.3" y="0.3" z="0.5"/>
                <translate x="13" y="20.5" z="0.5"/>   
            </transformation>
            <materials>
                <material id="pink"/>
            </materials>
            <texture id="none" />
            <children>
                <primitiveref id="Cone"/>
                <primitiveref id="Torus"/>
            </children>
        </component>

        <component id="Team2_Piece3" >
            <transformation>
                <rotate axis="x" angle="-90" />
                <scale x="0.3" y="0.3" z="0.5"/>
                <translate x="-19" y="20.5" z="0.5"/>   
            </transformation>
            <materials>
                <material id="pink"/>
            </materials>
            <texture id="none" />
            <children>
                <primitiveref id="Cone"/>
                <primitiveref id="Torus"/>
            </children>
        </component>

        <component id="Team2_Piece4" >
            <transformation>
                <rotate axis="x" angle="-90" />
                <scale x="0.3" y="0.3" z="0.5"/>
                <translate x="-8" y="20.5" z="0.5"/>   
            </transformation>
            <materials>
                <material id="pink"/>
            </materials>
            <texture id="none" />
            <children>
                <primitiveref id="Cone"/>
                <primitiveref id="Torus"/>
            </children>
        </component>

        <component id="Team2_Piece5" >
            <transformation>
                <translate x="-0.7" y="2.3" z="-4.3" />
                <scale x="0.3" y="0.3" z="0.3" />
            </transformation>
            <materials>
                <material id="blue"/>
            </materials>
            <texture id="none" />
            <children>
                <componentref id="t_cone_up"/>
                <componentref id="t_cone_down"/>
            </children>
        </component>

        <component id="Team2_Piece6" >
            <transformation>
                <translate x="-3.9" y="2.3" z="-4.3" />
                <scale x="0.3" y="0.3" z="0.3" />
            </transformation>
            <materials>
                <material id="blue"/>
            </materials>
            <texture id="none" />
            <children>
                <componentref id="t_cone_up"/>
                <componentref id="t_cone_down"/>
            </children>
        </component>

        <component id="Team2_Piece7" >
            <transformation>
                <translate x="2.5" y="2.3" z="-4.3" />
                <scale x="0.3" y="0.3" z="0.3" />
            </transformation>
            <materials>
                <material id="blue"/>
            </materials>
            <texture id="none" />
            <children>
                <componentref id="t_cone_up"/>
                <componentref id="t_cone_down"/>
            </children>
        </component>

        <component id="Team2_Piece8" >
            <transformation>
                <translate x="5.8" y="2.3" z="-4.3" />
                <scale x="0.3" y="0.3" z="0.3" />
            </transformation>
            <materials>
                <material id="blue"/>
            </materials>
            <texture id="none" />
            <children>
                <componentref id="t_cone_up"/>
                <componentref id="t_cone_down"/>
            </children>
        </component>  

        <component id="Sign" >
            <transformation>
                <translate x="-8" y="0" z="0" />
            </transformation>
            <materials>
                <material id="white"/>
            </materials>
            <texture id="none" />
            <children>
                <componentref id="EvenCylinder"/>
                <componentref id="Plate"/>
            </children>
        </component>

        <component id="EvenCylinder" >
            <transformation>
                <rotate axis="x" angle="90" />
                <scale x="0.3" y="0.3" z="1" />
                <translate x="0" y="0" z="-5" />
            </transformation>
            <materials>
                <material id="white2"/>
            </materials>
            <texture id="vidral" />
            <children>
                <primitiveref id="EvenCylinder"/>
            </children>
        </component>

        <component id="Plate" >
            <transformation>
            </transformation>
            <materials>
                <material id="white2"/>
            </materials>
            <texture id="vidral" />
            <children>
                <primitiveref id="Triangle"/>
            </children>
        </component>

        <component id="Box" >
            <transformation>
                <scale x="15" y="15" z="15" />
            </transformation>
            <materials>
                <material id = "orange"/>
            </materials>
            <texture id="space" length_s="0.3" length_t="0.3" />
            <children>
                <componentref id="Wall1"/>
                <componentref id="Wall2"/>
                <componentref id="Wall3"/>
                <componentref id="Wall4"/>
                <componentref id="Ceiling"/>
                <componentref id="Floor_b"/>
            </children>
        </component>

        <component id="Wall1" >
            <transformation>
                <translate x="0" y="0" z="-1" />
            </transformation>
            <materials>
                <material id="inherit"/>
            </materials>
            <texture id="inherit" />
            <children>
                <primitiveref id="Square"/>
            </children>
        </component>

        <component id="Wall2" >
            <transformation>
                <rotate axis="y" angle="90" />
                <translate x="0" y="0" z="-1" />
            </transformation>
            <materials>
                <material id="inherit"/>
            </materials>
            <texture id="inherit" />
            <children>
                <primitiveref id="Square"/>
            </children>
        </component> 

        <component id="Wall3" >
            <transformation>
                <rotate axis="y" angle="180" />
                <translate x="0" y="0" z="-1" />
            </transformation>
            <materials>
                <material id="inherit"/>
            </materials>
            <texture id="inherit" />
            <children>
                <primitiveref id="Square"/>
            </children>
        </component>

        <component id="Wall4" >
            <transformation>
                <rotate axis="y" angle="-90" />
                <translate x="0" y="0" z="-1" />
            </transformation>
            <materials>
                <material id="inherit"/>
            </materials>
            <texture id="inherit" />
            <children>
                <primitiveref id="Square"/>
            </children>
        </component>

        <component id="Ceiling" >
            <transformation>
                <rotate axis="x" angle="90" />
                <translate x="0" y="0" z="-1" />
            </transformation>
            <materials>
                <material id="inherit"/>
            </materials>
            <texture id="inherit" />
            <children>
                <primitiveref id="Square"/>
            </children>
        </component>

        <component id="Floor_b" >
            <transformation>
                <rotate axis="x" angle="-90" />
                <translate x="0" y="0" z="-1" />
            </transformation>
            <materials>
                <material id="inherit"/>
            </materials>
            <texture id="inherit" />
            <children>
                <primitiveref id="Square"/>
            </children>
        </component>         
    </components>
</lxs>
